CREATE TABLE parks
(
	park_id		INTEGER			PRIMARY KEY,
	park_name	VARCHAR(500)	NOT NULL,
	state_id	INTEGER			NOT NULL,
	acres		FLOAT			NULL,
	founded		DATE			NULL
);

CREATE TABLE states
(
	state_id	INTEGER			PRIMARY KEY,
	state_name	VARCHAR(500)	NOT NULL
);

CREATE TABLE visitors
(
	park_id		INTEGER			NOT NULL,
	state_id	INTEGER			NOT NULL,
	year		INTEGER			NOT NULL,
	visitors	INTEGER			NOT NULL,
	PRIMARY KEY (park_id, state_id, year),
	FOREIGN KEY (park_id)
		REFERENCES parks (park_id),
	FOREIGN KEY (state_id)
		REFERENCES states (state_id)
	
);

INSERT INTO parks
VALUES
	(1, 'Acadia', 19, 49075, '1919-02-26'),
	(2, 'Arches', 44, 76678, '1971-11-12'),
	(3, 'Badlands', 41, 242755, '1978-11-10'),
	(4, 'Big Bend', 43, 801163, '1944-06-12'),
	(5, 'Biscayne', 9, 172971, '1980-06-28'),
	(6, 'Black Canyon of the Gunnison', 6, 30780, '1999-10-21'),
	(7, 'Bryce Canyon', 44, 35835, '1928-02-25'),
	(8, 'Canyonlands', 44, 337597, '1964-09-12'),
	(9, 'Capitol Reef', 44, 241904, '1971-12-18'),
	(10, 'Carlsbad Caverns', 31, 46766, '1930-05-14'),
	(11, 'Channel Islands', 5, 249561, '1980-03-05'),
	(12, 'Congaree', 40, 26539, '2003-11-10'),
	(13, 'Crater Lake', 37, 183224, '1902-05-22'),
	(14, 'Cuyahoga Valley', 35, 32572, '2000-10-11'),
	(15, 'Death Valley', 28, 3373063, '1994-10-31'),
	(16, 'Denali', 2, 4740911, '1917-02-26'),
	(17, 'Dry Tortugas', 9, 64701, '1992-10-26'),
	(18, 'Everglades', 9, 1508934, '1934-05-30'),
	(19, 'Gates of the Arctic', 2, 7523897, '1980-12-02'),
	(20, 'Glacier', 26, 1013125, '1910-05-11'),
	(21, 'Glacier Bay', 2, 3223383, '1980-12-02'),
	(22, 'Grand Canyon', 3, 1201647, '1919-02-26'),
	(23, 'Grand Teton', 50, 310044, '1929-02-26'),
	(24, 'Great Basin', 28, 77180, '1986-10-27'),
	(25, 'Great Sand Dunes', 6, 107341, '2004-09-13'),
	(26, 'Great Smoky Mountains', 42, 522426, '1934-06-15'),
	(27, 'Guadalupe Mountains', 43, 86367, '1966-10-15'),
	(28, 'Haleakala', 11, 33264, '1916-08-01'),
	(29, 'Hawaii Volcanoes', 11, 323431, '1916-08-01'),
	(30, 'Hot Springs', 4, 5548, '1921-03-04'),
	(31, 'Indiana Dunes', 14, 15067, '2019-02-15'),
	(32, 'Isle Royale', 22, 571790, '1940-04-03'),
	(33, 'Joshua Tree', 5, 790635, '1994-10-31'),
	(34, 'Katmai', 2, 3674529, '1980-12-02'),
	(35, 'Kenai Fjords', 2, 669650, '1980-12-02'),
	(36, 'Kings Canyon', 5, 461901, '1940-03-04'),
	(37, 'Kobuk Valley', 2, 1750716, '1980-12-02'),
	(38, 'Lake Clark', 2, 2619816, '1980-12-02'),
	(39, 'Lassen Volcanic', 5, 106589, '1916-08-09'),
	(40, 'Mammoth Cave', 17, 54011, '1941-07-01'),
	(41, 'Mesa Verde', 6, 52485, '1906-06-29'),
	(42, 'Mount Rainier', 47, 236381, '1899-03-02'),
	(43, 'North Cascades', 47, 504780, '1968-10-02'),
	(44, 'Olympic', 47, 922649, '1938-06-29'),
	(45, 'Petrified Forest', 3, 221390, '1962-12-09'),
	(46, 'Pinnacles', 5, 26685, '2013-01-10'),
	(47, 'Redwood', 5, 138999, '1968-10-02'),
	(48, 'Rocky Mountain', 6, 265795, '1915-01-26'),
	(49, 'Saguaro', 3, 91715, '1994-10-14'),
	(50, 'Sequoia', 5, 404062, '1890-09-25'),
	(51, 'Shenandoah', 46, 199217, '1935-12-26'),
	(52, 'Theodore Roosevelt', 34, 70446, '1978-11-10'),
	(53, 'Voyageurs', 23, 218200, '1971-01-08'),
	(54, 'Wind Cave', 41, 33970, '1903-01-09'),
	(55, 'Wrangell-St. Elias', 2, 8323146, '1980-12-02'),
	(56, 'Yellowstone', 50, 2219790, '1872-03-01'),
	(57, 'Yosemite', 5, 761747, '1890-10-01'),
	(58, 'Zion', 44, 147237, '1919-11-19');
	
INSERT INTO states
VALUES
	(1, 'Alabama'),
	(2, 'Alaska'),
	(3, 'Arizona'),
	(4, 'Arkansas'),
	(5, 'California'),
	(6, 'Colorado'),
	(7, 'Connecticut'),
	(8, 'Delaware'),
	(9, 'Florida'),
	(10, 'Georgia'),
	(11, 'Hawaii'),
	(12, 'Idaho'),
	(13, 'Illinois'),
	(14, 'Indiana'),
	(15, 'Iowa'),
	(16, 'Kansas'),
	(17, 'Kentucky'),
	(18, 'Louisiana'),
	(19, 'Maine'),
	(20, 'Maryland'),
	(21, 'Massachusetts'),
	(22, 'Michigan'),
	(23, 'Minnesota'),
	(24, 'Mississippi'),
	(25, 'Missouri'),
	(26, 'Montana'),
	(27, 'Nebraska'),
	(28, 'Nevada'),
	(29, 'New Hampshire'),
	(30, 'New Jersey'),
	(31, 'New Mexico'),
	(32, 'New York'),
	(33, 'North Carolina'),
	(34, 'North Dakota'),
	(35, 'Ohio'),
	(36, 'Oklahoma'),
	(37, 'Oregon'),
	(38, 'Pennsylvania'),
	(39, 'Rhode Island'),
	(40, 'South Carolina'),
	(41, 'South Dakota'),
	(42, 'Tennessee'),
	(43, 'Texas'),
	(44, 'Utah'),
	(45, 'Vermont'),
	(46, 'Virginia'),
	(47, 'Washington'),
	(48, 'West Virginia'),
	(49, 'Wisconsin'),
	(50, 'Wyoming');
	
INSERT INTO visitors
VALUES
	(1, 19, 2017, 3509271),
	(2, 44, 2017, 1539028),
	(3, 41, 2017, 1054325),
	(4, 43, 2017, 440276),
	(5, 9, 2017, 446961),
	(6, 6, 2017, 307143),
	(7, 44, 2017, 2571684),
	(8, 44, 2017, 742271),
	(9, 44, 2017, 1150165),
	(10, 31, 2017, 520026),
	(11, 5, 2017, 383687),
	(12, 40, 2017, 159595),
	(13, 37, 2017, 711749),
	(14, 35, 2017, 2226879),
	(15, 28, 2017, 1294827),
	(16, 2, 2017, 642809),
	(17, 9, 2017, 54281),
	(18, 9, 2017, 1018557),
	(19, 2, 2017, 11177),
	(20, 26, 2017, 3305512),
	(21, 2, 2017, 547057),
	(22, 3, 2017, 6254238),
	(23, 50, 2017, 3317000),
	(24, 28, 2017, 168028),
	(25, 6, 2017, 486935),
	(26, 42, 2017, 11338893),
	(27, 43, 2017, 225257),
	(28, 11, 2017, 1112390),
	(29, 11, 2017, 2016702),
	(30, 4, 2017, 1561616),
	(31, 14, 2017, 2127336),
	(32, 22, 2017, 28196),
	(33, 5, 2017, 2853619),
	(34, 2, 2017, 37818),
	(35, 2, 2017, 303598),
	(36, 5, 2017, 692932),
	(37, 2, 2017, 15500),
	(38, 2, 2017, 22755),
	(39, 5, 2017, 507256),
	(40, 17, 2017, 587853),
	(41, 6, 2017, 613788),
	(42, 47, 2017, 1415867),
	(43, 47, 2017, 30326),
	(44, 47, 2017, 3401996),
	(45, 3, 2017, 627757),
	(46, 5, 2017, 233334),
	(47, 5, 2017, 445000),
	(48, 6, 2017, 4437215),
	(49, 3, 2017, 964760),
	(50, 5, 2017, 1291256),
	(51, 46, 2017, 1458874),
	(52, 34, 2017, 708003),
	(53, 23, 2017, 237250),
	(54, 41, 2017, 619924),
	(55, 2, 2017, 68292),
	(56, 50, 2017, 4116524),
	(57, 5, 2017, 4336890),
	(58, 44, 2017, 4504812),
	(1, 19, 2016, 3860198.1),
	(2, 44, 2016, 1692930.8),
	(3, 41, 2016, 1159757.5),
	(4, 43, 2016, 484303.6),
	(5, 9, 2016, 491657.1),
	(6, 6, 2016, 337857.3),
	(7, 44, 2016, 2828852.4),
	(8, 44, 2016, 816498.1),
	(9, 44, 2016, 1265181.5),
	(10, 31, 2016, 572028.6),
	(11, 5, 2016, 422055.7),
	(12, 40, 2016, 175554.5),
	(13, 37, 2016, 782923.9),
	(14, 35, 2016, 2449566.9),
	(15, 28, 2016, 1424309.7),
	(16, 2, 2016, 707089.9),
	(17, 9, 2016, 59709.1),
	(18, 9, 2016, 1120412.7),
	(19, 2, 2016, 12294.7),
	(20, 26, 2016, 3636063.2),
	(21, 2, 2016, 601762.7),
	(22, 3, 2016, 6879661.8),
	(23, 50, 2016, 3648700),
	(24, 28, 2016, 184830.8),
	(25, 6, 2016, 535628.5),
	(26, 42, 2016, 12472782.3),
	(27, 43, 2016, 247782.7),
	(28, 11, 2016, 1223629),
	(29, 11, 2016, 2218372.2),
	(30, 4, 2016, 1717777.6),
	(31, 14, 2016, 2340069.6),
	(32, 22, 2016, 31015.6),
	(33, 5, 2016, 3138980.9),
	(34, 2, 2016, 41599.8),
	(35, 2, 2016, 333957.8),
	(36, 5, 2016, 762225.2),
	(37, 2, 2016, 17050),
	(38, 2, 2016, 25030.5),
	(39, 5, 2016, 557981.6),
	(40, 17, 2016, 646638.3),
	(41, 6, 2016, 675166.8),
	(42, 47, 2016, 1557453.7),
	(43, 47, 2016, 33358.6),
	(44, 47, 2016, 3742195.6),
	(45, 3, 2016, 690532.7),
	(46, 5, 2016, 256667.4),
	(47, 5, 2016, 489500),
	(48, 6, 2016, 4880936.5),
	(49, 3, 2016, 1061236),
	(50, 5, 2016, 1420381.6),
	(51, 46, 2016, 1604761.4),
	(52, 34, 2016, 778803.3),
	(53, 23, 2016, 260975),
	(54, 41, 2016, 681916.4),
	(55, 2, 2016, 75121.2),
	(56, 50, 2016, 4528176.4),
	(57, 5, 2016, 4770579),
	(58, 44, 2016, 4955293.2);